Date,Budget ,Week,Week2
2024-01-01,"15,911,976.57",1,25
2024-01-02,"8,456,714.77",1,25
2024-01-03,"8,456,714.84",1,25
2024-01-04,"8,456,714.77",1,25
2024-01-05,"10,348,348.45",1,25
2024-01-06,"15,244,341.16",1,30
2024-01-07,"15,355,613.76",1,30
2024-01-08,"8,346,058.89",2,25
2024-01-09,"8,234,778.09",2,25
2024-01-10,"8,234,778.14",2,25
2024-01-11,"8,234,778.08",2,25
2024-01-12,"9,458,866.80",2,25
2024-01-13,"13,353,694.22",2,30
2024-01-14,"13,798,817.42",2,30
2024-01-15,"7,898,392.56",3,25
2024-01-16,"7,787,147.76",3,25
2024-01-17,"7,787,147.82",3,25
2024-01-18,"7,787,147.76",3,25
2024-01-19,"8,899,597.40",3,25
2024-01-20,"12,236,946.41",3,30
2024-01-21,"12,570,681.36",3,30
2024-01-22,"7,800,763.36",4,25
2024-01-23,"7,800,763.59",4,25
2024-01-24,"10,586,750.72",4,25
2024-01-25,"12,815,540.21",4,25
2024-01-26,"11,701,145.35",4,25
2024-01-27,"15,601,527.21",4,30
2024-01-28,"15,601,527.21",4,30
2024-01-29,"10,232,052.67",5,25
2024-01-30,"10,009,616.88",5,25
2024-01-31,"10,009,616.95",5,25
2024-02-01,"11,121,796.51",5,25
2024-02-02,"11,677,886.36",5,25
2024-02-03,"15,570,515.12",5,30
2024-02-04,"15,570,515.12",5,30
2024-02-05,"10,586,116.00",6,25
2024-02-06,"11,143,280.06",6,25
2024-02-07,"11,700,444.08",6,25
2024-02-08,"15,377,726.58",6,25
2024-02-09,"16,714,920.16",6,25
2024-02-10,"12,814,772.03",6,30
2024-02-11,"12,814,772.03",6,30
2024-02-12,"11,120,352.40",7,25
2024-02-13,"8,340,264.43",7,25
2024-02-14,"8,340,264.43",7,25
2024-02-15,"8,340,264.49",7,25
2024-02-16,"8,896,282.12",7,25
2024-02-17,"11,676,370.22",7,30
2024-02-18,"11,676,370.22",7,30
2024-02-19,"9,124,594.23",8,25
2024-02-20,"8,679,492.23",8,25
2024-02-21,"8,679,492.15",8,25
2024-02-22,"8,679,492.08",8,25
2024-02-23,"11,906,482.84",8,25
2024-02-24,"15,578,575.60",8,30
2024-02-25,"15,578,575.60",8,30
2024-02-26,"10,574,432.07",9,25
2024-02-27,"10,351,812.37",9,25
2024-02-28,"10,351,812.44",9,25
2024-03-01,"11,687,530.12",9,25
2024-03-02,"16,919,091.22",9,25
2024-03-03,"16,919,091.22",9,30
2024-03-04,"10,337,034.66",9,30
2024-03-05,"9,781,280.08",10,25
2024-03-06,"9,781,280.20",10,25
2024-03-07,"9,781,280.15",10,25
2024-03-08,"11,003,940.12",10,25
2024-03-09,"15,338,825.61",10,25
2024-03-10,"15,338,825.61",10,30
2024-03-11,"8,674,623.57",10,30
2024-03-12,"8,452,197.08",11,25
2024-03-13,"8,452,197.38",11,25
2024-03-14,"8,452,197.31",11,25
2024-03-15,"9,786,754.67",11,25
2024-03-16,"14,235,279.67",11,25
2024-03-17,"14,235,279.67",11,30
2024-03-18,"8,003,579.96",11,30
2024-03-19,"7,892,418.98",12,25
2024-03-20,"7,781,258.14",12,25
2024-03-21,"7,781,258.09",12,25
2024-03-22,"8,892,866.45",12,25
2024-03-23,"12,894,656.23",12,25
2024-03-24,"12,894,656.23",12,30
2024-03-25,"10,596,695.69",12,30
2024-03-26,"9,481,254.00",13,25
2024-03-27,"9,481,254.15",13,25
2024-03-28,"11,042,872.29",13,25
2024-03-29,"11,154,416.54",13,25
2024-03-30,"15,616,183.01",13,25
2024-03-31,"15,616,183.01",13,30
2024-04-01,"10,561,155.87",13,30
2024-04-02,"10,338,815.77",14,25
2024-04-03,"10,338,815.80",14,25
2024-04-04,"10,338,815.86",14,25
2024-04-05,"15,007,958.35",14,25
2024-04-06,"18,898,910.56",14,25
2024-04-07,"18,898,910.56",14,30
2024-04-08,"17,604,003.82",14,30
2024-04-09,"17,604,003.83",15,25
2024-04-10,"9,470,508.39",15,25
2024-04-11,"10,027,597.18",15,25
2024-04-12,"10,027,597.10",15,25
2024-04-13,"13,147,294.01",15,25
2024-04-14,"13,147,294.01",15,30
2024-04-15,"9,797,569.32",15,30
2024-04-16,"9,463,561.57",16,25
2024-04-17,"9,463,561.50",16,25
2024-04-18,"9,463,561.50",16,25
2024-04-19,"11,133,601.77",16,25
2024-04-20,"14,696,354.46",16,25
2024-04-21,"14,473,682.30",16,30
2024-04-22,"9,475,191.79",16,30
2024-04-23,"8,917,827.66",17,25
2024-04-24,"8,917,827.73",17,25
2024-04-25,"11,147,284.52",17,25
2024-04-26,"12,262,012.94",17,25
2024-04-27,"15,494,725.48",17,25
2024-04-28,"15,383,252.69",17,30
2024-04-29,"9,692,988.93",17,30
2024-04-30,"9,470,161.82",18,25
2024-05-01,"14,483,776.98",18,25
2024-05-02,"9,470,161.82",18,25
2024-05-03,"11,141,366.81",18,25
2024-05-04,"14,483,776.91",18,25
2024-05-05,"14,483,776.91",18,30
2024-05-06,"7,794,738.36",18,30
2024-05-07,"7,794,738.42",19,25
2024-05-08,"7,794,738.37",19,25
2024-05-09,"7,794,738.36",19,25
2024-05-10,"8,685,565.58",19,25
2024-05-11,"12,805,641.63",19,25
2024-05-12,"12,916,994.95",19,30
2024-05-13,"7,807,784.52",19,30
2024-05-14,"7,807,784.52",20,25
2024-05-15,"7,807,784.57",20,25
2024-05-16,"7,807,784.42",20,25
2024-05-17,"8,700,102.68",20,25
2024-05-18,"12,827,074.52",20,25
2024-05-19,"13,161,693.84",20,30
2024-05-20,"7,934,147.27",20,30
2024-05-21,"7,822,398.91",21,25
2024-05-22,"11,733,598.23",21,25
2024-05-23,"7,822,398.85",21,25
2024-05-24,"11,174,855.47",21,25
2024-05-25,"15,086,054.85",21,25
2024-05-26,"15,086,054.85",21,30
2024-05-27,"10,368,412.74",21,30
2024-05-28,"10,145,436.20",22,25
2024-05-29,"10,145,436.13",22,25
2024-05-30,"10,145,436.13",22,25
2024-05-31,"11,706,272.49",22,25
2024-06-01,"15,385,386.69",22,25
2024-06-02,"15,273,898.32",22,30
2024-06-03,"13,353,922.30",22,30
2024-06-04,"8,902,614.82",23,25
2024-06-05,"8,902,614.88",23,25
2024-06-06,"8,902,614.80",23,25
2024-06-07,"10,460,572.47",23,25
2024-06-08,"14,466,749.14",23,25
2024-06-09,"14,466,749.14",23,30
2024-06-10,"8,041,794.58",23,30
2024-06-11,"7,818,411.18",24,25
2024-06-12,"7,818,411.34",24,25
2024-06-13,"10,387,317.95",24,25
2024-06-14,"10,052,243.23",24,25
2024-06-15,"14,296,523.58",24,25
2024-06-16,"14,296,523.58",24,30
2024-06-17,"14,280,243.89",24,30
2024-06-18,"8,702,023.50",25,25
2024-06-19,"8,702,023.66",25,25
2024-06-20,"8,702,023.50",25,25
2024-06-21,"9,817,667.62",25,25
2024-06-22,"13,387,728.60",25,25
2024-06-23,"13,499,292.95",25,30
2024-06-24,"9,498,145.02",25,30
2024-06-25,"9,498,145.21",26,25
2024-06-26,"9,498,145.23",26,25
2024-06-27,"9,498,145.30",26,25
2024-06-28,"10,950,802.66",26,25
2024-06-29,"15,979,232.54",26,25
2024-06-30,"16,202,718.32",26,30
2024-07-01,"9,836,594.58",26,30
2024-07-02,"9,724,815.18",27,25
2024-07-03,"9,724,815.18",27,25
2024-07-04,"9,948,374.31",27,25
2024-07-05,"11,177,948.57",27,25
2024-07-06,"15,649,127.94",27,25
2024-07-07,"15,649,127.94",27,30
2024-07-08,"12,279,820.98",27,30
2024-07-09,"8,372,604.92",28,25
2024-07-10,"8,372,605.15",28,25
2024-07-11,"8,372,605.15",28,25
2024-07-12,"9,377,317.85",28,25
2024-07-13,"12,279,820.98",28,25
2024-07-14,"12,279,820.98",28,30
2024-07-15,"7,830,735.76",28,30
2024-07-16,"7,495,132.58",29,25
2024-07-17,"7,495,132.83",29,25
2024-07-18,"7,607,000.47",29,25
2024-07-19,"10,627,427.14",29,25
2024-07-20,"12,864,780.34",29,25
2024-07-21,"12,864,780.34",29,30
2024-07-22,"10,069,168.24",29,30
2024-07-23,"9,845,409.08",30,25
2024-07-24,"9,845,409.01",30,25
2024-07-25,"9,845,408.97",30,25
2024-07-26,"12,083,001.89",30,25
2024-07-27,"16,781,947.09",30,25
2024-07-28,"16,781,947.09",30,30
2024-07-29,"9,845,263.07",30,30
2024-07-30,"9,621,507.07",31,25
2024-07-31,"9,621,507.01",31,25
2024-08-01,"9,621,507.01",31,25
2024-08-02,"10,964,042.80",31,25
2024-08-03,"14,767,894.29",31,25
2024-08-04,"14,991,650.46",31,30
2024-08-05,"9,171,996.40",31,30
2024-08-06,"8,724,581.83",32,25
2024-08-07,"8,724,581.89",32,25
2024-08-08,"8,724,581.83",32,25
2024-08-09,"10,626,093.06",32,25
2024-08-10,"13,981,701.82",32,25
2024-08-11,"13,981,701.82",32,30
2024-08-12,"8,522,245.93",32,30
2024-08-13,"8,297,976.32",33,25
2024-08-14,"8,297,976.38",33,25
2024-08-15,"8,297,976.32",33,25
2024-08-16,"9,531,459.24",33,25
2024-08-17,"12,559,099.18",33,25
2024-08-18,"12,559,099.30",33,30
2024-08-19,"8,630,706.54",33,30
2024-08-20,"8,406,532.46",34,25
2024-08-21,"8,406,532.40",34,25
2024-08-22,"8,406,532.40",34,25
2024-08-23,"12,105,406.38",34,25
2024-08-24,"16,476,803.50",34,25
2024-08-25,"16,476,803.50",34,30
2024-08-26,"10,122,526.77",34,30
2024-08-27,"9,897,581.89",35,25
2024-08-28,"9,897,581.96",35,25
2024-08-29,"9,897,581.89",35,25
2024-08-30,"11,247,252.05",35,25
2024-08-31,"17,208,295.72",35,25
2024-09-01,"15,746,152.95",35,30
2024-09-02,"9,794,690.16",35,30
2024-09-03,"9,569,524.79",36,25
2024-09-04,"9,569,524.86",36,25
2024-09-05,"9,569,524.88",36,25
2024-09-06,"10,920,516.53",36,25
2024-09-07,"14,410,578.53",36,25
2024-09-08,"14,410,578.53",36,30
2024-09-09,"8,407,436.19",36,30
2024-09-10,"8,407,436.25",37,25
2024-09-11,"8,407,436.19",37,25
2024-09-12,"8,407,436.01",37,25
2024-09-13,"9,192,130.14",37,25
2024-09-14,"12,891,402.03",37,25
2024-09-15,"13,003,501.27",37,30
2024-09-16,"11,806,918.31",37,30
2024-09-17,"7,871,278.90",38,25
2024-09-18,"7,871,278.82",38,25
2024-09-19,"7,871,278.96",38,25
2024-09-20,"8,995,747.27",38,25
2024-09-21,"13,381,174.08",38,25
2024-09-22,"13,381,174.08",38,30
2024-09-23,"8,101,118.36",38,30
2024-09-24,"7,876,087.16",39,25
2024-09-25,"10,688,975.66",39,25
2024-09-26,"10,463,944.55",39,25
2024-09-27,"11,251,553.29",39,25
2024-09-28,"15,752,174.57",39,25
2024-09-29,"15,752,174.57",39,30
2024-09-30,"10,309,994.93",39,30
2024-10-01,"9,525,538.91",40,25
2024-10-02,"9,525,538.84",40,25
2024-10-03,"9,525,538.84",40,25
2024-10-04,"10,758,255.53",40,25
2024-10-05,"15,352,927.21",40,25
2024-10-06,"15,240,861.86",40,30
2024-10-07,"8,944,334.39",40,30
2024-10-08,"8,608,921.83",41,25
2024-10-09,"8,608,921.77",41,25
2024-10-10,"8,608,921.77",41,25
2024-10-11,"9,950,572.07",41,25
2024-10-12,"14,646,347.47",41,25
2024-10-13,"14,646,347.47",41,30
2024-10-14,"8,176,417.67",41,30
2024-10-15,"7,840,400.44",42,25
2024-10-16,"7,840,400.50",42,25
2024-10-17,"7,840,400.44",42,25
2024-10-18,"9,184,469.08",42,25
2024-10-19,"13,440,686.40",42,25
2024-10-20,"13,440,686.40",42,30
2024-10-21,"8,186,910.77",42,30
2024-10-22,"7,850,462.47",43,25
2024-10-23,"7,850,462.40",43,25
2024-10-24,"10,766,348.44",43,25
2024-10-25,"11,775,693.67",43,25
2024-10-26,"16,261,672.23",43,25
2024-10-27,"16,261,672.17",43,30
2024-10-28,"9,550,718.54",43,30
2024-10-29,"9,213,634.39",44,25
2024-10-30,"9,213,634.33",44,25
2024-10-31,"11,236,139.46",44,25
2024-11-01,"10,674,332.33",44,25
2024-11-02,"15,168,788.11",44,25
2024-11-03,"15,056,426.83",44,30
2024-11-04,"8,985,967.43",44,30
2024-11-05,"8,761,317.81",45,25
2024-11-06,"8,761,318.19",45,25
2024-11-07,"8,761,318.25",45,25
2024-11-08,"9,884,564.23",45,25
2024-11-09,"14,602,197.12",45,25
2024-11-10,"14,602,197.12",45,30
2024-11-11,"8,757,259.31",45,30
2024-11-12,"8,532,714.32",46,25
2024-11-13,"8,532,714.18",46,25
2024-11-14,"8,757,259.37",46,25
2024-11-15,"9,879,984.92",46,25
2024-11-16,"12,686,798.80",46,25
2024-11-17,"12,574,526.14",46,30
2024-11-18,"8,545,860.63",46,30
2024-11-19,"8,320,969.64",47,25
2024-11-20,"8,320,969.66",47,25
2024-11-21,"8,320,969.66",47,25
2024-11-22,"9,557,870.59",47,25
2024-11-23,"13,156,127.62",47,25
2024-11-24,"13,268,573.25",47,30
2024-11-25,"11,086,033.97",47,30
2024-11-26,"9,954,805.98",48,25
2024-11-27,"9,954,805.92",48,25
2024-11-28,"9,954,806.12",48,25
2024-11-29,"11,991,016.36",48,25
2024-11-30,"15,837,191.47",48,25
2024-12-01,"15,837,191.47",48,30
2024-12-02,"9,649,772.57",48,30
2024-12-03,"9,082,138.94",49,25
2024-12-04,"9,082,138.87",49,25
2024-12-05,"9,082,138.73",49,25
2024-12-06,"10,557,986.46",49,25
2024-12-07,"13,850,261.76",49,25
2024-12-08,"13,850,261.76",49,30
2024-12-09,"9,061,969.48",49,30
2024-12-10,"8,835,420.25",50,25
2024-12-11,"8,835,420.20",50,25
2024-12-12,"8,835,420.22",50,25
2024-12-13,"10,081,441.06",50,25
2024-12-14,"13,026,581.13",50,25
2024-12-15,"13,026,581.13",50,30
2024-12-16,"8,531,012.00",50,30
2024-12-17,"8,417,265.10",51,25
2024-12-18,"8,417,265.12",51,25
2024-12-19,"11,147,189.02",51,25
2024-12-20,"11,260,935.95",51,25
2024-12-21,"15,924,555.72",51,25
2024-12-22,"15,924,555.72",51,30
2024-12-23,"10,236,694.45",51,30
2024-12-24,"10,236,694.45",52,25
2024-12-25,"11,942,810.11",52,25
2024-12-26,"10,236,694.45",52,25
2024-12-27,"10,805,399.76",52,25
2024-12-28,"15,355,041.58",52,25
2024-12-29,"15,241,300.10",52,30
2024-12-30,"10,507,175",1,33.2
2024-12-31,"10,168,234",1,33.2
2025-01-01,"16,382,154",1,33.2
2025-01-02,"9,038,430",1,33.2
2025-01-03,"11,072,077",1,33.2
2025-01-04,"15,026,390",1,38.4
2025-01-05,"15,026,390",1,38.4
2025-01-06,"9,051,338",2,33.2
2025-01-07,"8,711,912",2,33.2
2025-01-08,"8,711,912",2,33.2
2025-01-09,"8,711,912",2,33.2
2025-01-10,"9,617,046",2,33.2
2025-01-11,"13,577,006",2,38.4
2025-01-12,"13,916,431",2,38.4
2025-01-13,"9,050,348",3,33.2
2025-01-14,"8,710,960",3,33.2
2025-01-15,"8,710,960",3,33.2
2025-01-16,"8,710,960",3,33.2
2025-01-17,"9,615,994",3,33.2
2025-01-18,"13,801,780",3,38.4
2025-01-19,"14,028,039",3,38.4
2025-01-20,"9,637,106",4,33.2
2025-01-21,"9,070,217",4,33.2
2025-01-22,"11,337,771",4,33.2
2025-01-23,"11,337,771",4,33.2
2025-01-24,"16,213,013",4,33.2
2025-01-25,"19,841,100",4,38.4
2025-01-26,"19,841,100",4,38.4
2025-01-27,"17,020,488",5,33.2
2025-01-28,"18,155,187",5,33.2
2025-01-29,"13,049,041",5,33.2
2025-01-30,"13,049,041",5,33.2
2025-01-31,"12,822,101",5,33.2
2025-02-01,"13,956,800",5,38.4
2025-02-02,"14,183,740",5,38.4
2025-02-03,"10,744,243",6,33.2
2025-02-04,"10,178,757",6,33.2
2025-02-05,"10,178,757",6,33.2
2025-02-06,"10,178,757",6,33.2
2025-02-07,"11,196,633",6,33.2
2025-02-08,"16,964,595",6,38.4
2025-02-09,"17,530,081",6,38.4
2025-02-10,"10,215,122",7,33.2
2025-02-11,"13,052,657",7,33.2
2025-02-12,"9,647,616",7,33.2
2025-02-13,"9,647,616",7,33.2
2025-02-14,"11,009,632",7,33.2
2025-02-15,"14,982,180",7,38.4
2025-02-16,"15,322,684",7,38.4
2025-02-17,"9,622,720",8,33.2
2025-02-18,"9,396,303",8,33.2
2025-02-19,"9,396,303",8,33.2
2025-02-20,"9,396,303",8,33.2
2025-02-21,"10,075,554",8,33.2
2025-02-22,"15,283,143",8,38.4
2025-02-23,"15,509,560",8,38.4
2025-02-24,"11,895,255",9,33.2
2025-02-25,"11,555,390",9,33.2
2025-02-26,"11,555,390",9,33.2
2025-02-27,"11,781,966",9,33.2
2025-02-28,"9,063,051",9,33.2
2025-03-01,"16,993,221",9,38.4
2025-03-02,"16,993,221",9,38.4
2025-03-03,"9,598,356",10,33.2
2025-03-04,"9,259,590",10,33.2
2025-03-05,"9,259,590",10,33.2
2025-03-06,"9,259,590",10,33.2
2025-03-07,"10,162,965",10,33.2
2025-03-08,"16,034,900",10,38.4
2025-03-09,"16,373,666",10,38.4
2025-03-10,"8,978,965",11,33.2
2025-03-11,"8,524,334",11,33.2
2025-03-12,"8,637,992",11,33.2
2025-03-13,"8,637,992",11,33.2
2025-03-14,"9,319,939",11,33.2
2025-03-15,"14,207,224",11,38.4
2025-03-16,"14,434,539",11,38.4
2025-03-17,"14,657,487",12,33.2
2025-03-18,"9,544,410",12,33.2
2025-03-19,"9,544,410",12,33.2
2025-03-20,"9,544,410",12,33.2
2025-03-21,"10,112,530",12,33.2
2025-03-22,"14,771,111",12,38.4
2025-03-23,"14,771,111",12,38.4
2025-03-24,"11,942,210",13,33.2
2025-03-25,"10,804,856",13,33.2
2025-03-26,"10,804,856",13,33.2
2025-03-27,"11,373,533",13,33.2
2025-03-28,"16,264,152",13,33.2
2025-03-29,"23,884,419",13,38.4
2025-03-30,"24,453,096",13,38.4
2025-03-31,"13,625,774",14,33.2
2025-04-01,"14,761,256",14,33.2
2025-04-02,"13,058,034",14,33.2
2025-04-03,"13,058,034",14,33.2
2025-04-04,"16,464,477",14,33.2
2025-04-05,"17,032,218",14,38.4
2025-04-06,"17,032,218",14,38.4
2025-04-07,"11,907,148",15,33.2
2025-04-08,"10,546,331",15,33.2
2025-04-09,"10,546,331",15,33.2
2025-04-10,"10,546,331",15,33.2
2025-04-11,"12,700,958",15,33.2
2025-04-12,"17,577,218",15,38.4
2025-04-13,"17,577,218",15,38.4
2025-04-14,"9,652,889",16,33.2
2025-04-15,"9,312,199",16,33.2
2025-04-16,"9,312,199",16,33.2
2025-04-17,"9,312,199",16,33.2
2025-04-18,"10,220,706",16,33.2
2025-04-19,"15,331,059",16,38.4
2025-04-20,"15,444,622",16,38.4
2025-04-21,"8,855,011",17,33.2
2025-04-22,"8,514,434",17,33.2
2025-04-23,"8,514,434",17,33.2
2025-04-24,"11,352,579",17,33.2
2025-04-25,"11,239,053",17,33.2
2025-04-26,"14,758,352",17,38.4
2025-04-27,"14,871,878",17,38.4
2025-04-28,"10,205,856",18,33.2
2025-04-29,"9,752,262",18,33.2
2025-04-30,"9,752,262",18,33.2
2025-05-01,"18,143,743",18,33.2
2025-05-02,"12,473,824",18,33.2
2025-05-03,"16,556,166",18,38.4
2025-05-04,"17,009,759",18,38.4
2025-05-05,"10,197,630",19,33.2
2025-05-06,"9,631,095",19,33.2
2025-05-07,"9,631,095",19,33.2
2025-05-08,"9,631,095",19,33.2
2025-05-09,"10,764,165",19,33.2
2025-05-10,"15,409,752",19,38.4
2025-05-11,"15,636,366",19,38.4
2025-05-12,"13,662,744",20,33.2
2025-05-13,"8,197,647",20,33.2
2025-05-14,"8,197,647",20,33.2
2025-05-15,"8,197,647",20,33.2
2025-05-16,"8,880,784",20,33.2
2025-05-17,"13,662,744",20,38.4
2025-05-18,"13,776,601",20,38.4
2025-05-19,"9,440,338",21,33.2
2025-05-20,"9,099,121",21,33.2
2025-05-21,"9,099,121",21,33.2
2025-05-22,"11,373,901",21,33.2
2025-05-23,"10,805,206",21,33.2
2025-05-24,"17,970,763",21,38.4
2025-05-25,"17,970,763",21,38.4
2025-05-26,"12,515,405",22,33.2
2025-05-27,"12,174,076",22,33.2
2025-05-28,"12,174,076",22,33.2
2025-05-29,"12,174,076",22,33.2
2025-05-30,"13,425,616",22,33.2
2025-05-31,"17,407,790",22,38.4
2025-06-01,"17,749,119",22,38.4
2025-06-02,"15,898,137",23,33.2
2025-06-03,"9,993,115",23,33.2
2025-06-04,"9,993,115",23,33.2
2025-06-05,"9,993,115",23,33.2
2025-06-06,"12,491,393",23,33.2
2025-06-07,"16,465,928",23,38.4
2025-06-08,"16,579,486",23,38.4
2025-06-09,"10,261,654",24,33.2
2025-06-10,"9,691,563",24,33.2
2025-06-11,"9,691,563",24,33.2
2025-06-12,"9,691,563",24,33.2
2025-06-13,"11,059,783",24,33.2
2025-06-14,"17,102,757",24,38.4
2025-06-15,"17,102,757",24,38.4
2025-06-16,"9,707,207",25,33.2
2025-06-17,"9,136,194",25,33.2
2025-06-18,"9,136,194",25,33.2
2025-06-19,"9,136,194",25,33.2
2025-06-20,"10,849,231",25,33.2
2025-06-21,"15,074,721",25,38.4
2025-06-22,"15,417,328",25,38.4
2025-06-23,"9,139,479",26,33.2
2025-06-24,"8,910,992",26,33.2
2025-06-25,"11,424,348",26,33.2
2025-06-26,"10,281,913",26,33.2
2025-06-27,"13,138,000",26,33.2
2025-06-28,"17,707,740",26,38.4
2025-06-29,"17,707,740",26,38.4
2025-06-30,"10,622,432",27,33.2
2025-07-01,"10,051,334",27,33.2
2025-07-02,"10,051,334",27,33.2
2025-07-03,"10,051,334",27,33.2
2025-07-04,"11,307,750",27,33.2
2025-07-05,"17,475,614",27,38.4
2025-07-06,"17,704,053",27,38.4
2025-07-07,"10,283,283",28,33.2
2025-07-08,"9,711,990",28,33.2
2025-07-09,"9,711,990",28,33.2
2025-07-10,"9,711,990",28,33.2
2025-07-11,"10,854,577",28,33.2
2025-07-12,"15,424,925",28,38.4
2025-07-13,"15,767,701",28,38.4
2025-07-14,"9,763,629",29,33.2
2025-07-15,"9,189,298",29,33.2
2025-07-16,"9,189,298",29,33.2
2025-07-17,"9,189,298",29,33.2
2025-07-18,"10,337,960",29,33.2
2025-07-19,"14,702,876",29,38.4
2025-07-20,"14,932,609",29,38.4
2025-07-21,"10,658,022",30,33.2
2025-07-22,"9,855,805",30,33.2
2025-07-23,"9,855,805",30,33.2
2025-07-24,"12,606,262",30,33.2
2025-07-25,"13,179,274",30,33.2
2025-07-26,"18,680,189",30,38.4
2025-07-27,"18,680,189",30,38.4
2025-07-28,"11,222,237",31,33.2
2025-07-29,"10,764,187",31,33.2
2025-07-30,"10,764,187",31,33.2
2025-07-31,"10,993,212",31,33.2
2025-08-01,"11,451,262",31,33.2
2025-08-02,"17,749,457",31,38.4
2025-08-03,"17,749,457",31,38.4
2025-08-04,"10,302,873",32,33.2
2025-08-05,"9,616,015",32,33.2
2025-08-06,"9,616,015",32,33.2
2025-08-07,"9,616,015",32,33.2
2025-08-08,"10,875,255",32,33.2
2025-08-09,"16,370,120",32,38.4
2025-08-10,"16,370,120",32,38.4
2025-08-11,"10,071,857",33,33.2
2025-08-12,"9,385,139",33,33.2
2025-08-13,"9,385,139",33,33.2
2025-08-14,"9,385,139",33,33.2
2025-08-15,"10,415,215",33,33.2
2025-08-16,"14,649,973",33,38.4
2025-08-17,"14,649,973",33,38.4
2025-08-18,"9,316,573",34,33.2
2025-08-19,"8,971,514",34,33.2
2025-08-20,"8,971,514",34,33.2
2025-08-21,"8,971,514",34,33.2
2025-08-22,"10,121,708",34,33.2
2025-08-23,"16,102,718",34,38.4
2025-08-24,"16,102,718",34,38.4
2025-08-25,"12,196,899",35,33.2
2025-08-26,"10,585,988",35,33.2
2025-08-27,"10,585,988",35,33.2
2025-08-28,"11,046,248",35,33.2
2025-08-29,"12,196,899",35,33.2
2025-08-30,"19,561,064",35,38.4
2025-08-31,"20,711,715",35,38.4
2025-09-01,"14,095,129",36,33.2
2025-09-02,"10,166,978",36,33.2
2025-09-03,"10,166,978",36,33.2
2025-09-04,"10,166,978",36,33.2
2025-09-05,"13,979,595",36,33.2
2025-09-06,"15,943,670",36,38.4
2025-09-07,"15,943,670",36,38.4
2025-09-08,"9,768,076",37,33.2
2025-09-09,"9,423,320",37,33.2
2025-09-10,"9,423,320",37,33.2
2025-09-11,"9,423,320",37,33.2
2025-09-12,"10,112,831",37,33.2
2025-09-13,"14,479,736",37,38.4
2025-09-14,"14,479,736",37,38.4
2025-09-15,"10,983,913",38,33.2
2025-09-16,"12,718,215",38,33.2
2025-09-17,"9,249,611",38,33.2
2025-09-18,"9,249,611",38,33.2
2025-09-19,"10,174,572",38,33.2
2025-09-20,"14,221,277",38,38.4
2025-09-21,"14,221,277",38,38.4
2025-09-22,"9,798,187",39,33.2
2025-09-23,"9,221,823",39,33.2
2025-09-24,"9,221,823",39,33.2
2025-09-25,"11,527,279",39,33.2
2025-09-26,"12,103,643",39,33.2
2025-09-27,"18,443,647",39,38.4
2025-09-28,"18,443,647",39,38.4
2025-09-29,"10,987,298",40,33.2
2025-09-30,"10,640,330",40,33.2
2025-10-01,"10,640,330",40,33.2
2025-10-02,"10,755,986",40,33.2
2025-10-03,"11,565,576",40,33.2
2025-10-04,"17,926,644",40,38.4
2025-10-05,"17,926,644",40,38.4
2025-10-06,"9,766,558",41,33.2
2025-10-07,"9,536,756",41,33.2
2025-10-08,"9,536,756",41,33.2
2025-10-09,"9,536,756",41,33.2
2025-10-10,"10,800,664",41,33.2
2025-10-11,"15,511,592",41,38.4
2025-10-12,"15,511,592",41,38.4
2025-10-13,"9,178,487",42,33.2
2025-10-14,"8,719,563",42,33.2
2025-10-15,"8,719,563",42,33.2
2025-10-16,"8,719,563",42,33.2
2025-10-17,"9,752,143",42,33.2
2025-10-18,"13,767,731",42,38.4
2025-10-19,"13,882,462",42,38.4
2025-10-20,"15,103,922",43,33.2
2025-10-21,"9,759,457",43,33.2
2025-10-22,"9,759,457",43,33.2
2025-10-23,"9,759,457",43,33.2
2025-10-24,"11,269,849",43,33.2
2025-10-25,"17,427,602",43,38.4
2025-10-26,"17,427,602",43,38.4
2025-10-27,"10,410,175",44,33.2
2025-10-28,"9,831,832",44,33.2
2025-10-29,"9,831,832",44,33.2
2025-10-30,"9,831,832",44,33.2
2025-10-31,"11,335,524",44,33.2
2025-11-01,"17,697,298",44,38.4
2025-11-02,"17,812,967",44,38.4
2025-11-03,"10,403,516",45,33.2
2025-11-04,"9,709,949",45,33.2
2025-11-05,"9,709,949",45,33.2
2025-11-06,"9,709,949",45,33.2
2025-11-07,"10,981,489",45,33.2
2025-11-08,"16,414,437",45,38.4
2025-11-09,"16,530,031",45,38.4
2025-11-10,"9,802,952",46,33.2
2025-11-11,"9,226,308",46,33.2
2025-11-12,"9,226,308",46,33.2
2025-11-13,"9,226,308",46,33.2
2025-11-14,"10,264,268",46,33.2
2025-11-15,"14,992,751",46,38.4
2025-11-16,"14,992,751",46,38.4
2025-11-17,"9,329,609",47,33.2
2025-11-18,"9,096,369",47,33.2
2025-11-19,"9,096,369",47,33.2
2025-11-20,"9,329,609",47,33.2
2025-11-21,"10,495,810",47,33.2
2025-11-22,"15,160,614",47,38.4
2025-11-23,"15,160,614",47,38.4
2025-11-24,"12,256,742",48,33.2
2025-11-25,"11,206,165",48,33.2
2025-11-26,"11,206,165",48,33.2
2025-11-27,"11,206,165",48,33.2
2025-11-28,"12,957,128",48,33.2
2025-11-29,"18,676,941",48,38.4
2025-11-30,"18,676,941",48,38.4
2025-12-01,"10,761,561",49,33.2
2025-12-02,"10,293,667",49,33.2
2025-12-03,"10,293,667",49,33.2
2025-12-04,"10,293,667",49,33.2
2025-12-05,"11,697,349",49,33.2
2025-12-06,"16,727,209",49,38.4
2025-12-07,"16,727,209",49,38.4
2025-12-08,"10,771,256",50,33.2
2025-12-09,"10,302,941",50,33.2
2025-12-10,"10,302,941",50,33.2
2025-12-11,"10,302,941",50,33.2
2025-12-12,"11,122,493",50,33.2
2025-12-13,"15,805,647",50,38.4
2025-12-14,"15,805,647",50,38.4
2025-12-15,"10,071,338",51,33.2
2025-12-16,"9,368,686",51,33.2
2025-12-17,"9,368,686",51,33.2
2025-12-18,"11,710,858",51,33.2
2025-12-19,"11,710,858",51,33.2
2025-12-20,"18,737,372",51,38.4
2025-12-21,"18,737,372",51,38.4
2025-12-22,"11,757,072",52,33.2
2025-12-23,"11,521,931",52,33.2
2025-12-24,"12,932,780",52,33.2
2025-12-25,"15,401,765",52,33.2
2025-12-26,"11,757,072",52,33.2
2025-12-27,"18,811,316",52,38.4
2025-12-28,"18,811,316",52,38.4
